q_AC	q_AG	q_AT	q_CA	q_CG	q_CT	q_GA	q_GC	q_GT	q_TA	q_TC	q_TG
0.001537404760902212	0.005789230468135624	0.001430451814357685	0.0028345489997833465	0.0025534184244557913	0.011572882612546012	0.011520195798238077	0.0025384671894980327	0.0028390208539705647	0.0014380506918693571	0.0057668368196285005	0.0015377327994457516